"Time","edge_to_cloud_latency_ms {host=""d906c09369b6"", name=""fault_diagnosis"", topic=""Enterprise/Site/Area/Motor1/Analysis/Diagnosis/prediction""}","edge_to_cloud_latency_ms {host=""d906c09369b6"", name=""fault_diagnosis"", topic=""Enterprise/Site/Area/Motor2/Analysis/Diagnosis/prediction""}","edge_to_cloud_latency_ms {host=""d906c09369b6"", name=""fault_diagnosis"", topic=""Enterprise/Site/Area/Motor3/Analysis/Diagnosis/prediction""}"
2026-08-11 07:24:39,1422,,
2026-08-11 07:24:39,1212,,
2026-08-11 07:24:39,436,,
2026-08-11 07:24:40,558,,
2026-08-11 07:24:41,561,,
2026-08-11 07:24:42,559,,
2026-08-11 07:24:43,564,,
2026-08-11 07:24:44,534,,
2026-08-11 07:24:46,756,,
2026-08-11 07:24:47,717,,
2026-08-11 07:24:48,715,,
2026-08-11 07:24:49,718,,
2026-08-11 07:24:50,714,,
2026-08-11 07:24:51,709,,
2026-08-11 07:24:52,714,,
2026-08-11 07:24:53,713,,
2026-08-11 07:24:54,711,,
2026-08-11 07:24:55,712,,
2026-08-11 07:24:56,714,,
2026-08-11 07:24:57,706,,
2026-08-11 07:24:58,712,,
2026-08-11 07:24:59,709,,
2026-08-11 07:25:00,854,,
2026-08-11 07:25:01,739,,
2026-08-11 07:25:02,771,,
2026-08-11 07:25:03,714,,
2026-08-11 07:25:04,708,,
2026-08-11 07:25:05,708,,
2026-08-11 07:25:06,723,,
2026-08-11 07:25:07,710,,
2026-08-11 07:25:08,721,,
2026-08-11 07:25:09,608,,
2026-08-11 07:25:10,696,,
2026-08-11 07:25:12,688,,
2026-08-11 07:25:12,568,,
2026-08-11 07:25:14,617,,
2026-08-11 07:25:14,567,,
2026-08-11 07:25:16,563,,
2026-08-11 07:25:17,563,,
2026-08-11 07:25:18,564,,
2026-08-11 07:25:19,734,,
2026-08-11 07:25:20,561,,
2026-08-11 07:25:21,763,,
2026-08-11 07:25:22,559,,
2026-08-11 07:25:23,701,,
2026-08-11 07:25:24,573,,
2026-08-11 07:25:25,690,,
2026-08-11 07:25:26,549,,
2026-08-11 07:25:27,570,,
2026-08-11 07:25:28,553,,
2026-08-11 07:25:29,571,,
2026-08-11 07:25:30,550,,
2026-08-11 07:25:31,565,,
2026-08-11 07:25:32,574,,
2026-08-11 07:25:33,563,,
2026-08-11 07:25:34,547,,
2026-08-11 07:25:35,568,,
2026-08-11 07:25:36,542,,
2026-08-11 07:25:37,589,,
2026-08-11 07:25:39,577,,
2026-08-11 07:25:40,592,,
2026-08-11 07:25:41,573,,
2026-08-11 07:25:42,592,,
2026-08-11 07:25:43,573,,
2026-08-11 07:25:44,499,,
2026-08-11 07:25:45,575,,
2026-08-11 07:25:46,622,,
2026-08-11 07:25:47,575,,
2026-08-11 07:25:48,592,,
2026-08-11 07:25:49,572,,
2026-08-11 07:25:50,630,,
2026-08-11 07:25:51,577,,
2026-08-11 07:25:52,597,,
2026-08-11 07:25:53,577,,
2026-08-11 07:25:54,609,,
2026-08-11 07:25:55,572,,
2026-08-11 07:25:56,590,,
2026-08-11 07:25:57,567,,
2026-08-11 07:25:58,594,,
2026-08-11 07:25:59,578,,
2026-08-11 07:26:00,603,,
2026-08-11 07:26:02,635,,
2026-08-11 07:26:02,594,,
2026-08-11 07:26:04,577,,
2026-08-11 07:26:05,594,,
2026-08-11 07:26:06,572,,
2026-08-11 07:26:07,591,,
2026-08-11 07:26:08,569,,
2026-08-11 07:26:09,594,,
2026-08-11 07:26:10,568,,
2026-08-11 07:26:11,602,,
2026-08-11 07:26:12,573,,
2026-08-11 07:26:13,598,,
2026-08-11 07:26:14,597,,
2026-08-11 07:26:15,598,,
2026-08-11 07:26:16,573,,
2026-08-11 07:26:17,595,,
2026-08-11 07:26:18,596,,
2026-08-11 07:26:19,591,,
2026-08-11 07:26:20,576,,
2026-08-11 07:26:21,621,,
2026-08-11 07:26:22,575,,
2026-08-11 07:26:23,593,,
2026-08-11 07:26:24,590,,
2026-08-11 07:26:26,619,,
2026-08-11 07:26:26,576,,
2026-08-11 07:26:28,596,,
2026-08-11 07:26:29,573,,
2026-08-11 07:26:30,616,,
2026-08-11 07:26:31,568,,
2026-08-11 07:26:32,596,,
2026-08-11 07:26:33,574,,
2026-08-11 07:26:34,592,,
2026-08-11 07:26:35,694,,
2026-08-11 07:26:36,595,,
2026-08-11 07:26:37,571,,
2026-08-11 07:26:38,566,,
2026-08-11 07:26:39,548,,
2026-08-11 07:26:40,564,,
2026-08-11 07:26:41,545,,
2026-08-11 07:26:42,567,,
2026-08-11 07:26:43,544,,
2026-08-11 07:26:44,561,,
2026-08-11 07:26:45,546,,
2026-08-11 07:26:46,564,,
2026-08-11 07:26:47,538,,
2026-08-11 07:26:48,559,,
2026-08-11 07:26:49,539,,
2026-08-11 07:26:50,569,,
2026-08-11 07:26:51,540,,
2026-08-11 07:26:53,569,,
2026-08-11 07:26:54,537,,
2026-08-11 07:26:55,564,,
2026-08-11 07:26:56,544,,
2026-08-11 07:26:57,566,,
2026-08-11 07:26:58,450,,
2026-08-11 07:26:59,565,,
2026-08-11 07:27:00,541,,
2026-08-11 07:27:01,562,,
2026-08-11 07:27:02,547,,
2026-08-11 07:27:03,591,,
2026-08-11 07:27:04,592,,
2026-08-11 07:27:05,564,,
2026-08-11 07:27:06,542,,
2026-08-11 07:27:07,564,,
2026-08-11 07:27:08,543,,
2026-08-11 07:27:09,564,,
2026-08-11 07:27:10,537,,
2026-08-11 07:27:11,564,,
2026-08-11 07:27:12,544,,
2026-08-11 07:27:13,568,,
2026-08-11 07:27:14,545,,
2026-08-11 07:27:15,566,,
2026-08-11 07:27:16,536,,
2026-08-11 07:27:17,585,,
2026-08-11 07:27:18,543,,
2026-08-11 07:27:20,569,,
2026-08-11 07:27:21,544,,
2026-08-11 07:27:22,568,,
2026-08-11 07:27:23,540,,
2026-08-11 07:27:24,567,,
2026-08-11 07:27:25,546,,
2026-08-11 07:27:26,566,,
2026-08-11 07:27:27,545,,
2026-08-11 07:27:28,559,,
2026-08-11 07:27:29,547,,
2026-08-11 07:27:30,576,,
2026-08-11 07:27:31,539,,
2026-08-11 07:27:32,564,,
2026-08-11 07:27:33,541,,
2026-08-11 07:27:34,565,,
2026-08-11 07:27:35,842,,
2026-08-11 07:27:36,472,,
2026-08-11 07:27:37,549,,
2026-08-11 07:27:38,570,,
2026-08-11 07:27:39,570,,
2026-08-11 07:27:40,570,,
2026-08-11 07:27:41,590,,
2026-08-11 07:27:42,564,,
2026-08-11 07:27:44,546,,
2026-08-11 07:27:50,1349,,
2026-08-11 07:27:50,429,,
2026-08-11 07:27:51,,1428,
2026-08-11 07:27:51,474,,
2026-08-11 07:27:52,,1428,
2026-08-11 07:27:52,472,,
2026-08-11 07:27:53,,1015,
2026-08-11 07:27:53,,744,
2026-08-11 07:27:54,505,,
2026-08-11 07:27:55,473,900,
2026-08-11 07:27:55,,681,
2026-08-11 07:27:56,497,,
2026-08-11 07:27:57,,946,
2026-08-11 07:27:57,785,,
2026-08-11 07:27:58,515,690,
2026-08-11 07:27:59,521,706,
2026-08-11 07:28:00,,698,
2026-08-11 07:28:00,501,,
2026-08-11 07:28:01,,679,
2026-08-11 07:28:01,557,,
2026-08-11 07:28:02,562,667,
2026-08-11 07:28:03,,542,
2026-08-11 07:28:03,416,,
2026-08-11 07:28:04,,531,
2026-08-11 07:28:04,372,,
2026-08-11 07:28:05,,531,
2026-08-11 07:28:05,403,,
2026-08-11 07:28:06,,524,
2026-08-11 07:28:06,351,,
2026-08-11 07:28:07,596,776,
2026-08-11 07:28:08,,426,
2026-08-11 07:28:08,402,,
2026-08-11 07:28:09,,788,
2026-08-11 07:28:09,616,,
2026-08-11 07:28:10,,424,
2026-08-11 07:28:10,606,,
2026-08-11 07:28:11,386,540,
2026-08-11 07:28:12,364,510,
2026-08-11 07:28:13,511,660,
2026-08-11 07:28:14,,517,
2026-08-11 07:28:14,412,,
2026-08-11 07:28:15,,545,
2026-08-11 07:28:15,450,,
2026-08-11 07:28:16,,527,
2026-08-11 07:28:16,377,,
2026-08-11 07:28:17,,542,
2026-08-11 07:28:17,378,,
2026-08-11 07:28:18,352,525,
2026-08-11 07:28:19,,528,
2026-08-11 07:28:19,372,,
2026-08-11 07:28:20,,506,
2026-08-11 07:28:20,383,,
2026-08-11 07:28:21,416,636,
2026-08-11 07:28:22,,513,
2026-08-11 07:28:22,374,,
2026-08-11 07:28:23,,527,
2026-08-11 07:28:24,375,,
2026-08-11 07:28:24,,506,
2026-08-11 07:28:25,352,,
2026-08-11 07:28:25,,538,
2026-08-11 07:28:26,374,,
2026-08-11 07:28:26,,512,
2026-08-11 07:28:27,380,,
2026-08-11 07:28:28,,559,
2026-08-11 07:28:28,436,,
2026-08-11 07:28:29,,508,
2026-08-11 07:28:29,418,,
2026-08-11 07:28:30,,553,
2026-08-11 07:28:30,448,,
2026-08-11 07:28:31,,509,
2026-08-11 07:28:31,364,,
2026-08-11 07:28:32,394,540,
2026-08-11 07:28:33,393,525,
2026-08-11 07:28:34,,575,
2026-08-11 07:28:34,457,,
2026-08-11 07:28:35,,519,
2026-08-11 07:28:35,409,,
2026-08-11 07:28:36,422,520,
2026-08-11 07:28:37,425,509,
2026-08-11 07:28:38,,527,
2026-08-11 07:28:38,449,,
2026-08-11 07:28:39,,516,
2026-08-11 07:28:39,440,,
2026-08-11 07:28:40,435,546,
2026-08-11 07:28:41,,519,
2026-08-11 07:28:41,488,,
2026-08-11 07:28:42,,563,
2026-08-11 07:28:43,534,,
2026-08-11 07:28:43,,532,
2026-08-11 07:28:44,511,,
2026-08-11 07:28:44,,574,
2026-08-11 07:28:45,509,,
2026-08-11 07:28:45,,,1154
2026-08-11 07:28:45,,430,431
2026-08-11 07:28:45,440,,
2026-08-11 07:28:46,,,221
2026-08-11 07:28:46,418,447,
2026-08-11 07:28:47,,,314
2026-08-11 07:28:47,,517,
2026-08-11 07:28:48,491,,
2026-08-11 07:28:48,,,223
2026-08-11 07:28:49,531,545,
2026-08-11 07:28:49,,,224
2026-08-11 07:28:49,,422,
2026-08-11 07:28:50,420,,
2026-08-11 07:28:50,,,223
2026-08-11 07:28:51,531,567,
2026-08-11 07:28:51,,,223
2026-08-11 07:28:52,,536,
2026-08-11 07:28:52,,,223
2026-08-11 07:28:53,528,,
2026-08-11 07:28:53,,552,282
2026-08-11 07:28:54,544,,
2026-08-11 07:28:54,,555,
2026-08-11 07:28:54,,,315
2026-08-11 07:28:55,556,,
2026-08-11 07:28:55,,630,
2026-08-11 07:28:55,,,482
2026-08-11 07:28:56,510,,
2026-08-11 07:28:56,,595,
2026-08-11 07:28:56,,,538
2026-08-11 07:28:57,,,323
2026-08-11 07:28:57,,740,
2026-08-11 07:28:58,,615,316
2026-08-11 07:28:58,1910,,
2026-08-11 07:28:59,1334,,
2026-08-11 07:28:59,,,238
2026-08-11 07:28:59,634,,
2026-08-11 07:28:59,,635,
2026-08-11 07:29:00,676,,
2026-08-11 07:29:00,,673,639
2026-08-11 07:29:01,,,346
2026-08-11 07:29:01,803,599,
2026-08-11 07:29:02,584,,288
2026-08-11 07:29:02,,638,
2026-08-11 07:29:03,,507,318
2026-08-11 07:29:03,705,,
2026-08-11 07:29:04,529,,299
2026-08-11 07:29:04,,556,
2026-08-11 07:29:05,,,309
2026-08-11 07:29:05,711,482,
2026-08-11 07:29:06,,,337
2026-08-11 07:29:06,501,499,
2026-08-11 07:29:07,,,317
2026-08-11 07:29:07,,468,
2026-08-11 07:29:08,714,,
2026-08-11 07:29:08,,,316
2026-08-11 07:29:08,510,,
2026-08-11 07:29:09,,573,
2026-08-11 07:29:09,,,314
2026-08-11 07:29:10,,432,
2026-08-11 07:29:10,791,,
2026-08-11 07:29:10,,,221
2026-08-11 07:29:11,455,493,
2026-08-11 07:29:11,,,223
2026-08-11 07:29:12,,447,
2026-08-11 07:29:12,784,,
2026-08-11 07:29:12,,,222
2026-08-11 07:29:12,433,,
2026-08-11 07:29:13,,427,
2026-08-11 07:29:13,,,218
2026-08-11 07:29:14,,443,
2026-08-11 07:29:14,653,,
2026-08-11 07:29:14,,,221
2026-08-11 07:29:15,474,,
2026-08-11 07:29:15,,505,
2026-08-11 07:29:15,,,221
2026-08-11 07:29:16,,440,
2026-08-11 07:29:16,633,,
2026-08-11 07:29:16,,,218
2026-08-11 07:29:17,436,,
2026-08-11 07:29:17,,450,
2026-08-11 07:29:17,,,224
2026-08-11 07:29:18,,524,
2026-08-11 07:29:18,747,,
2026-08-11 07:29:18,,,223
2026-08-11 07:29:19,436,447,
2026-08-11 07:29:19,,,247
2026-08-11 07:29:20,,637,
2026-08-11 07:29:20,854,,
2026-08-11 07:29:20,,,358
2026-08-11 07:29:21,417,432,
2026-08-11 07:29:21,,,222
2026-08-11 07:29:22,,539,
2026-08-11 07:29:22,733,,
2026-08-11 07:29:22,,,354
2026-08-11 07:29:23,521,,
2026-08-11 07:29:23,,641,
2026-08-11 07:29:23,,,416
2026-08-11 07:29:24,,529,
2026-08-11 07:29:24,773,,
2026-08-11 07:29:25,,,477
2026-08-11 07:29:25,532,,
2026-08-11 07:29:25,,678,
2026-08-11 07:29:26,,,485
2026-08-11 07:29:26,702,528,
2026-08-11 07:29:26,,,420
2026-08-11 07:29:27,543,580,
2026-08-11 07:29:27,,,386
2026-08-11 07:29:28,,543,
2026-08-11 07:29:28,,,387
2026-08-11 07:29:29,854,,
2026-08-11 07:29:29,547,,
2026-08-11 07:29:29,,577,463
2026-08-11 07:29:30,,599,310
2026-08-11 07:29:31,835,,
2026-08-11 07:29:31,532,,410
2026-08-11 07:29:32,,701,
2026-08-11 07:29:32,,538,307
2026-08-11 07:29:33,717,,
2026-08-11 07:29:33,562,,295
2026-08-11 07:29:34,,626,
2026-08-11 07:29:34,,510,307
2026-08-11 07:29:35,656,,
2026-08-11 07:29:35,526,,
2026-08-11 07:29:36,,618,647
2026-08-11 07:29:36,,,338
2026-08-11 07:29:37,575,,
2026-08-11 07:29:37,,761,
2026-08-11 07:29:37,,,338
2026-08-11 07:29:38,553,,
2026-08-11 07:29:38,,728,
2026-08-11 07:29:38,,,225
2026-08-11 07:29:39,,586,
2026-08-11 07:29:39,667,,
2026-08-11 07:29:39,,,223
2026-08-11 07:29:40,423,,
2026-08-11 07:29:40,,703,
2026-08-11 07:29:40,,,223
2026-08-11 07:29:41,576,588,
2026-08-11 07:29:41,,,221
2026-08-11 07:29:42,428,676,
2026-08-11 07:29:42,,,243
2026-08-11 07:29:43,,700,
2026-08-11 07:29:43,657,,
2026-08-11 07:29:43,,,224
2026-08-11 07:29:44,431,,
2026-08-11 07:29:44,,690,
2026-08-11 07:29:44,,,225
2026-08-11 07:29:45,,613,
2026-08-11 07:29:45,591,,
2026-08-11 07:29:45,,,228
2026-08-11 07:29:46,519,747,
2026-08-11 07:29:46,,,250
2026-08-11 07:29:47,442,659,
2026-08-11 07:29:47,,,226
2026-08-11 07:29:48,535,,
2026-08-11 07:29:48,,741,
2026-08-11 07:29:48,,,223
2026-08-11 07:29:49,577,775,
2026-08-11 07:29:49,,,246
2026-08-11 07:29:50,524,,
2026-08-11 07:29:50,,746,
2026-08-11 07:29:51,,,322
2026-08-11 07:29:51,566,,
2026-08-11 07:29:51,,695,
2026-08-11 07:29:52,,,429
2026-08-11 07:29:52,527,,
2026-08-11 07:29:53,,684,
2026-08-11 07:29:53,,,474
2026-08-11 07:29:53,543,,
2026-08-11 07:29:54,,681,
2026-08-11 07:29:54,,,487
2026-08-11 07:29:54,520,,
2026-08-11 07:29:54,,,235
2026-08-11 07:29:55,,694,
2026-08-11 07:29:55,549,,297
2026-08-11 07:29:56,,709,
2026-08-11 07:29:56,515,,301
2026-08-11 07:29:57,,676,
2026-08-11 07:29:57,444,,268
2026-08-11 07:29:58,,600,
2026-08-11 07:29:58,521,,
2026-08-11 07:29:59,,679,382
2026-08-11 07:30:00,,613,366
2026-08-11 07:30:00,807,,
2026-08-11 07:30:00,,,303
2026-08-11 07:30:01,580,,
2026-08-11 07:30:01,,617,
2026-08-11 07:30:02,,475,319
2026-08-11 07:30:02,741,,
2026-08-11 07:30:03,524,,324
2026-08-11 07:30:04,1273,,1003
2026-08-11 07:30:05,,,383
2026-08-11 07:30:05,603,,
2026-08-11 07:30:06,,3369,
2026-08-11 07:30:06,,2520,
2026-08-11 07:30:06,,1653,
2026-08-11 07:30:06,,813,
2026-08-11 07:30:06,1120,,
2026-08-11 07:30:07,,,1312
2026-08-11 07:30:07,,,499
2026-08-11 07:30:07,618,,
2026-08-11 07:30:07,,677,
2026-08-11 07:30:08,,,293
2026-08-11 07:30:08,,400,
2026-08-11 07:30:08,688,,
2026-08-11 07:30:08,,,227
2026-08-11 07:30:09,432,,
2026-08-11 07:30:09,,411,
2026-08-11 07:30:09,,,223
2026-08-11 07:30:10,643,394,
2026-08-11 07:30:10,,,227
2026-08-11 07:30:11,427,,
2026-08-11 07:30:11,,546,
2026-08-11 07:30:11,,,222
2026-08-11 07:30:12,801,523,
2026-08-11 07:30:12,,,223
2026-08-11 07:30:13,431,,
2026-08-11 07:30:13,,546,
2026-08-11 07:30:13,,,222
2026-08-11 07:30:14,,498,
2026-08-11 07:30:14,742,,225
2026-08-11 07:30:15,429,,
2026-08-11 07:30:15,,530,
2026-08-11 07:30:15,,,221
2026-08-11 07:30:16,,480,
2026-08-11 07:30:16,684,,220
2026-08-11 07:30:17,430,,
2026-08-11 07:30:17,,428,
2026-08-11 07:30:18,,,221
2026-08-11 07:30:18,712,489,
2026-08-11 07:30:19,,,286
2026-08-11 07:30:19,532,,
2026-08-11 07:30:20,,563,
2026-08-11 07:30:20,,,331
2026-08-11 07:30:20,,478,
2026-08-11 07:30:21,781,,
2026-08-11 07:30:21,,,446
2026-08-11 07:30:21,527,,
2026-08-11 07:30:22,,565,
2026-08-11 07:30:22,,,455
2026-08-11 07:30:23,762,481,
2026-08-11 07:30:23,,,423
2026-08-11 07:30:23,526,,
2026-08-11 07:30:24,,449,366
2026-08-11 07:30:25,,504,
2026-08-11 07:30:25,,,419
2026-08-11 07:30:25,945,,
2026-08-11 07:30:26,546,455,
2026-08-11 07:30:26,,,457
2026-08-11 07:30:27,,,300
2026-08-11 07:30:27,709,654,
2026-08-11 07:30:28,553,,
2026-08-11 07:30:28,,452,512
2026-08-11 07:30:29,,705,581
2026-08-11 07:30:29,1043,,
2026-08-11 07:30:30,,,219
2026-08-11 07:30:30,515,,
2026-08-11 07:30:30,,598,
2026-08-11 07:30:31,,,222
2026-08-11 07:30:31,486,,
2026-08-11 07:30:31,,571,
2026-08-11 07:30:32,,,307
2026-08-11 07:30:32,536,,
2026-08-11 07:30:32,,576,
2026-08-11 07:30:33,,,215
2026-08-11 07:30:33,469,,
2026-08-11 07:30:33,,564,
2026-08-11 07:30:34,495,,243
2026-08-11 07:30:34,,576,
2026-08-11 07:30:35,,,321
2026-08-11 07:30:35,537,,
2026-08-11 07:30:35,,603,
2026-08-11 07:30:36,,,230
2026-08-11 07:30:36,444,,
2026-08-11 07:30:36,,615,
2026-08-11 07:30:37,,,223
2026-08-11 07:30:37,457,,
2026-08-11 07:30:37,,616,
2026-08-11 07:30:38,,,223
2026-08-11 07:30:38,435,,
2026-08-11 07:30:38,,566,
2026-08-11 07:30:39,,,223
2026-08-11 07:30:39,665,,
2026-08-11 07:30:39,,700,
2026-08-11 07:30:40,,,224
2026-08-11 07:30:40,412,,
2026-08-11 07:30:40,,559,
2026-08-11 07:30:41,,,225
2026-08-11 07:30:41,414,,
2026-08-11 07:30:41,,574,
2026-08-11 07:30:42,,,224
2026-08-11 07:30:42,436,,
2026-08-11 07:30:42,,559,
2026-08-11 07:30:43,,,218
2026-08-11 07:30:43,412,,
2026-08-11 07:30:43,,551,
2026-08-11 07:30:44,,,230
2026-08-11 07:30:44,413,,
2026-08-11 07:30:44,,551,
2026-08-11 07:30:45,,,225
2026-08-11 07:30:45,501,,
2026-08-11 07:30:46,,552,
2026-08-11 07:30:46,,,250
2026-08-11 07:30:46,502,,
2026-08-11 07:30:47,,546,
2026-08-11 07:30:47,,,309
2026-08-11 07:30:48,505,,
2026-08-11 07:30:48,,570,
2026-08-11 07:30:48,,,376
2026-08-11 07:30:49,495,,
2026-08-11 07:30:49,,555,
2026-08-11 07:30:49,,,376
2026-08-11 07:30:50,493,,
2026-08-11 07:30:50,,523,
2026-08-11 07:30:50,,,414
2026-08-11 07:30:51,504,457,
2026-08-11 07:30:51,,,301
2026-08-11 07:30:52,514,,
2026-08-11 07:30:52,,497,227
2026-08-11 07:30:53,508,,
2026-08-11 07:30:53,,477,256
2026-08-11 07:30:54,508,,291
2026-08-11 07:30:54,,468,
2026-08-11 07:30:55,502,,322
2026-08-11 07:30:55,,454,
2026-08-11 07:30:56,518,,
2026-08-11 07:30:56,,,373
2026-08-11 07:30:56,,556,
2026-08-11 07:30:57,,,327
2026-08-11 07:30:57,,392,
2026-08-11 07:30:58,,,324
2026-08-11 07:30:59,,,419
2026-08-11 07:31:00,,,486
2026-08-11 07:31:01,,,427
2026-08-11 07:31:02,,1165,
2026-08-11 07:31:02,,,583
2026-08-11 07:31:02,,496,
2026-08-11 07:31:03,1006,,
2026-08-11 07:31:03,,,224
2026-08-11 07:31:03,385,,
2026-08-11 07:31:03,,404,
2026-08-11 07:31:04,,,320
2026-08-11 07:31:04,547,,
2026-08-11 07:31:04,,452,
2026-08-11 07:31:05,,,224
2026-08-11 07:31:05,404,,
2026-08-11 07:31:05,,405,
2026-08-11 07:31:06,,,361
2026-08-11 07:31:06,561,,
2026-08-11 07:31:06,,382,
2026-08-11 07:31:07,,,226
2026-08-11 07:31:07,409,,
2026-08-11 07:31:07,,399,
2026-08-11 07:31:08,,,227
2026-08-11 07:31:08,542,,
2026-08-11 07:31:08,,386,
2026-08-11 07:31:09,,,223
2026-08-11 07:31:09,397,,
2026-08-11 07:31:10,,413,
2026-08-11 07:31:10,,,226
2026-08-11 07:31:10,533,,
2026-08-11 07:31:11,,386,
2026-08-11 07:31:11,,,228
2026-08-11 07:31:11,401,,
2026-08-11 07:31:12,,477,236
2026-08-11 07:31:12,411,,
2026-08-11 07:31:13,,393,
2026-08-11 07:31:13,,,222
2026-08-11 07:31:13,499,,
2026-08-11 07:31:14,,405,253
2026-08-11 07:31:14,410,,
2026-08-11 07:31:15,,386,
2026-08-11 07:31:15,,,364
2026-08-11 07:31:15,391,,
2026-08-11 07:31:16,,,235
2026-08-11 07:31:16,,608,
2026-08-11 07:31:16,418,,
2026-08-11 07:31:17,,,224
2026-08-11 07:31:17,,555,
2026-08-11 07:31:18,427,,
2026-08-11 07:31:18,,,221
2026-08-11 07:31:18,,560,
2026-08-11 07:31:19,414,,
2026-08-11 07:31:19,,,257
2026-08-11 07:31:19,,412,
2026-08-11 07:31:20,394,,
2026-08-11 07:31:20,,650,
2026-08-11 07:31:21,410,,
2026-08-11 07:31:21,,393,
2026-08-11 07:31:22,396,,
2026-08-11 07:31:22,,645,
2026-08-11 07:31:23,524,,
2026-08-11 07:31:23,,492,
2026-08-11 07:31:24,481,,
2026-08-11 07:31:24,,642,
2026-08-11 07:31:25,410,,
2026-08-11 07:31:25,,408,
2026-08-11 07:31:26,389,,
2026-08-11 07:31:27,,661,
2026-08-11 07:31:27,408,,
2026-08-11 07:31:27,,405,
2026-08-11 07:31:28,390,,
2026-08-11 07:31:29,,642,
2026-08-11 07:31:29,405,,
2026-08-11 07:31:30,,396,
2026-08-11 07:31:30,394,,
2026-08-11 07:31:31,,646,
2026-08-11 07:31:31,410,,
2026-08-11 07:31:32,,405,
2026-08-11 07:31:32,388,,
2026-08-11 07:31:33,,666,
2026-08-11 07:31:33,410,,
2026-08-11 07:31:34,,390,
2026-08-11 07:31:34,392,,
2026-08-11 07:31:35,,633,
2026-08-11 07:31:35,516,,
2026-08-11 07:31:36,,488,
2026-08-11 07:31:36,479,,
2026-08-11 07:31:37,,645,
2026-08-11 07:31:37,500,,
2026-08-11 07:31:38,,501,
2026-08-11 07:31:38,485,,
2026-08-11 07:31:39,,640,
2026-08-11 07:31:39,478,,
2026-08-11 07:31:40,,553,
2026-08-11 07:31:41,477,,
2026-08-11 07:31:41,,531,
2026-08-11 07:31:42,476,,
2026-08-11 07:31:42,,390,
2026-08-11 07:31:43,453,,
2026-08-11 07:31:43,,629,
2026-08-11 07:31:44,476,,
2026-08-11 07:31:44,,496,
2026-08-11 07:31:45,457,,
2026-08-11 07:31:45,,550,
2026-08-11 07:31:46,389,,
2026-08-11 07:31:46,,402,
2026-08-11 07:31:47,455,,
2026-08-11 07:31:47,,666,
2026-08-11 07:31:48,471,,
2026-08-11 07:31:48,,393,
2026-08-11 07:31:49,467,,
2026-08-11 07:31:49,,637,
2026-08-11 07:31:50,482,,
2026-08-11 07:31:50,,403,
2026-08-11 07:31:51,457,,
2026-08-11 07:31:51,,629,
2026-08-11 07:31:52,477,,
2026-08-11 07:31:52,,462,
2026-08-11 07:31:53,455,,
2026-08-11 07:31:54,,598,
2026-08-11 07:31:54,489,,
2026-08-11 07:31:55,,473,
2026-08-11 07:31:55,459,,
2026-08-11 07:31:55,,388,
2026-08-11 07:31:56,477,,
2026-08-11 07:31:57,,374,
2026-08-11 07:31:57,458,,
2026-08-11 07:31:58,,488,
2026-08-11 07:31:58,470,,
2026-08-11 07:31:59,,358,
2026-08-11 07:31:59,474,,
2026-08-11 07:32:00,,490,
2026-08-11 07:32:00,486,,
2026-08-11 07:32:01,,382,
2026-08-11 07:32:01,457,,
2026-08-11 07:32:02,,479,
2026-08-11 07:32:02,483,,
2026-08-11 07:32:03,,633,
2026-08-11 07:32:03,452,,
2026-08-11 07:32:04,,564,
2026-08-11 07:32:04,479,,
2026-08-11 07:32:05,,635,
2026-08-11 07:32:05,453,,
2026-08-11 07:32:06,,364,
2026-08-11 07:32:07,471,,
2026-08-11 07:32:07,,616,
2026-08-11 07:32:08,457,,
2026-08-11 07:32:08,,375,
2026-08-11 07:32:09,475,,
2026-08-11 07:32:09,,615,
2026-08-11 07:32:10,457,,
2026-08-11 07:32:10,,366,
2026-08-11 07:32:11,479,,
2026-08-11 07:32:11,,612,
2026-08-11 07:32:12,460,,
2026-08-11 07:32:12,,367,
2026-08-11 07:32:13,478,,
2026-08-11 07:32:13,,610,
2026-08-11 07:32:14,466,,
2026-08-11 07:32:14,,375,
2026-08-11 07:32:15,477,,
2026-08-11 07:32:15,,614,
2026-08-11 07:32:16,452,,
2026-08-11 07:32:16,,368,
2026-08-11 07:32:17,475,,
2026-08-11 07:32:17,,613,
2026-08-11 07:32:18,452,,
2026-08-11 07:32:18,,366,
2026-08-11 07:32:19,819,530,
2026-08-11 07:32:20,360,,
2026-08-11 07:32:20,,370,
2026-08-11 07:32:21,486,,
2026-08-11 07:32:22,,617,
2026-08-11 07:32:22,460,,
2026-08-11 07:32:23,,457,
2026-08-11 07:32:23,479,,
2026-08-11 07:32:24,,616,
2026-08-11 07:32:24,474,,
2026-08-11 07:32:25,,379,
2026-08-11 07:32:25,529,,
2026-08-11 07:32:26,,610,
2026-08-11 07:32:26,482,,
2026-08-11 07:32:27,,361,
2026-08-11 07:32:27,485,,
2026-08-11 07:32:28,,614,
2026-08-11 07:32:28,453,,
2026-08-11 07:32:29,,369,
2026-08-11 07:32:29,482,,
2026-08-11 07:32:30,,621,
2026-08-11 07:32:30,456,,
2026-08-11 07:32:31,,387,
2026-08-11 07:32:32,477,,
2026-08-11 07:32:32,,633,
2026-08-11 07:32:33,458,,
2026-08-11 07:32:33,,364,
2026-08-11 07:32:34,475,,
2026-08-11 07:32:34,,606,
2026-08-11 07:32:35,455,,
2026-08-11 07:32:35,,464,
2026-08-11 07:32:36,474,,
2026-08-11 07:32:36,,605,
2026-08-11 07:32:37,457,,
2026-08-11 07:32:37,,456,
2026-08-11 07:32:38,475,,
2026-08-11 07:32:38,,606,
2026-08-11 07:32:39,361,,
2026-08-11 07:32:39,,453,
2026-08-11 07:32:40,508,,
2026-08-11 07:32:41,,605,
2026-08-11 07:32:41,399,,
2026-08-11 07:32:41,,386,
2026-08-11 07:32:42,504,,
2026-08-11 07:32:42,,376,
2026-08-11 07:32:43,483,,
2026-08-11 07:32:43,,454,
2026-08-11 07:32:44,505,,
2026-08-11 07:32:44,,482,
2026-08-11 07:32:45,486,,
2026-08-11 07:32:45,,370,
2026-08-11 07:32:46,521,,
2026-08-11 07:32:46,,390,
2026-08-11 07:32:47,484,,
2026-08-11 07:32:47,,351,
2026-08-11 07:32:48,506,,
2026-08-11 07:32:48,,377,
2026-08-11 07:32:49,483,,
2026-08-11 07:32:50,,390,
2026-08-11 07:32:50,501,,
2026-08-11 07:32:51,,526,
2026-08-11 07:32:51,485,,
2026-08-11 07:32:52,,363,
2026-08-11 07:32:53,529,,
2026-08-11 07:32:53,,371,
2026-08-11 07:32:53,486,,
2026-08-11 07:32:54,,352,
2026-08-11 07:32:55,508,,
2026-08-11 07:32:55,,377,
2026-08-11 07:32:56,486,,
2026-08-11 07:32:56,,382,
2026-08-11 07:32:57,507,,
2026-08-11 07:32:57,,377,
2026-08-11 07:32:58,511,,
2026-08-11 07:32:58,,356,
2026-08-11 07:32:59,507,375,
2026-08-11 07:33:00,486,,
2026-08-11 07:33:00,,650,
2026-08-11 07:33:01,514,,
2026-08-11 07:33:01,,370,
2026-08-11 07:33:02,485,,
2026-08-11 07:33:02,,364,
2026-08-11 07:33:03,504,,
2026-08-11 07:33:03,,387,
2026-08-11 07:33:04,481,,
2026-08-11 07:33:04,,359,
2026-08-11 07:33:05,504,,
2026-08-11 07:33:05,,469,
2026-08-11 07:33:06,485,,
2026-08-11 07:33:06,,457,
2026-08-11 07:33:07,508,,
2026-08-11 07:33:07,,468,
2026-08-11 07:33:08,491,,
2026-08-11 07:33:08,,456,
2026-08-11 07:33:09,506,,
2026-08-11 07:33:09,,385,
2026-08-11 07:33:10,386,,
2026-08-11 07:33:10,,360,
2026-08-11 07:33:11,500,,
2026-08-11 07:33:11,,383,
2026-08-11 07:33:12,395,,
2026-08-11 07:33:13,,350,
2026-08-11 07:33:13,420,,
2026-08-11 07:33:14,,474,

